LIMIT_BAL,BILL_AMT1,BILL_AMT2,BILL_AMT3,PAY_AMT1,PAY_AMT2,PAY_AMT3
20000,3913,3102,689,0,689,0
120000,2682,1725,2682,0,1000,1000
90000,29239,14027,13559,1518,1500,1000
50000,46990,48233,49291,2000,2019,1200
50000,8617,5670,35835,2000,36681,10000
50000,64400,57069,57608,2500,1815,657
500000,367965,412023,445007,55000,40000,38000
100000,11876,380,601,380,601,0
140000,11285,14096,12108,3329,0,432
20000,0,0,0,0,0,0
200000,11073,9787,5535,2306,12,50
260000,12261,21670,9966,21818,9966,8583
630000,12137,6500,6500,1000,6500,6500
70000,65802,67369,65701,3200,0,3000
250000,70887,67060,63561,3000,3000,3000
50000,50614,29173,28116,0,1500,1100
20000,15376,18010,17428,3200,0,1500
320000,253286,246536,194663,10358,10000,75940
360000,0,0,0,0,0,0
180000,0,0,0,0,0,0
130000,38358,27688,24489,3000,1537,1000
120000,316,316,316,316,316,0
70000,41087,42445,45020,2007,3582,0
450000,5512,19420,1473,19428,1473,560
90000,4744,7070,0,5757,0,5398
50000,47620,41810,36023,1973,1426,1001
60000,-109,-425,259,0,1000,0
50000,22541,16138,17163,1300,1300,1000
50000,650,3415,3416,3415,3421,2044
50000,15329,16575,17496,1500,1500,1000
230000,16646,17265,13266,17270,13281,15339
50000,30518,29618,22102,1718,1500,1000
100000,93036,84071,82880,3023,3511,3302
500000,10929,4152,22722,4152,22827,7521
500000,13709,5006,31130,5006,31178,3180
160000,30265,-131,-527,131,396,396
280000,186503,181328,180422,8026,8060,6300
60000,15054,9806,11068,1500,1518,2043
50000,0,780,0,780,0,0
280000,498,9075,4641,9075,0,9976
360000,218668,221296,206895,10000,7000,6000
70000,67521,66999,63949,3000,4500,4042
10000,1877,3184,6003,1500,2927,1000
140000,59504,61544,62925,3000,3000,3000
40000,18927,21295,25921,3000,5000,0
210000,0,0,0,0,0,0
20000,14028,16484,15800,3000,0,16741
150000,4463,3034,1170,1013,1170,0
380000,22401,21540,15134,21540,15138,24677
20000,17447,18479,19476,1318,1315,704
70000,37042,36171,38355,0,3100,2000
100000,61559,51163,43824,2000,1606,1500
310000,13465,7867,7600,7875,7600,11185
180000,41402,41742,42758,1300,2010,1762
150000,46224,34993,31434,1600,1718,1049
500000,1905,3640,162,3640,162,0
180000,16386,15793,8441,8500,1500,7500
180000,175886,173440,172308,8083,7296,5253
200000,1587,1098,782,0,0,700
400000,400134,398857,404205,17000,15029,30000
500000,22848,23638,18878,1516,1300,1000
70000,70800,72060,69938,4025,2095,1000
50000,24987,24300,26591,0,2700,0
50000,28718,29166,0,1000,0,0
130000,99,0,0,0,0,0
200000,152519,148751,144076,0,0,8222
10000,2097,4193,3978,2300,0,150
210000,300,300,1159,300,1159,2280
130000,-190,-9850,-9850,0,0,20161
20000,18565,17204,17285,0,1200,1000
80000,780,0,390,0,390,390
320000,58267,59246,60184,2500,2500,0
200000,9076,5787,-684,5818,15,9102
290000,0,0,3155,0,3155,0
340000,3048,5550,23337,5713,23453,4314
20000,14619,17216,16642,2850,0,610
50000,42838,37225,36087,1759,1779,320
300000,291,291,291,291,291,291
30000,28387,29612,30326,1686,1400,560
240000,0,0,0,0,0,0
470000,165254,157784,162702,6400,7566,3000
360000,23411,27796,30400,4796,3400,3100
60000,26324,27471,28108,1576,1213,648
400000,131595,139060,126819,10700,3,3050
50000,48909,47863,21489,1676,1302,700
160000,130028,107808,71934,4400,3547,80000
360000,390,1170,780,1170,0,0
160000,3826,4751,6604,1147,2000,2000
130000,81313,117866,17740,40000,5000,1330
20000,8583,8303,9651,0,1651,1000
200000,138180,140774,142460,6300,5500,5500
280000,7524,0,3968,0,3968,0
100000,-2000,5555,0,7555,0,0
160000,880,1602,840,1602,840,840
60000,45648,46850,47214,1937,1301,682
90000,83725,85996,87653,3621,3597,1179
360000,3967,8322,3394,8339,3394,12902
150000,86009,86108,89006,4031,10006,3266
50000,18722,18160,16997,1411,1194,379
20000,17973,19367,19559,1699,1460,626
140000,672,10212,850,10212,850,415
380000,-81,-303,32475,223,33178,1171
480000,422069,431342,479432,16078,55693,17000
50000,44698,42254,38347,1767,1362,1002
60000,56685,55208,59175,0,5000,2511
70000,5580,0,0,0,0,0
80000,6108,2861,3277,2861,3279,3319
350000,713,2272,722,2272,722,867
130000,171438,178382,39940,10908,0,133657
360000,-103,-103,-103,0,0,0
330000,105879,108431,105594,9260,0,3593
50000,13244,14722,15181,2000,1000,1000
280000,135673,138532,134813,6500,0,14254
100000,52128,52692,54477,2000,2677,3076
50000,19015,19294,20259,1340,1305,700
30000,18199,17618,18631,0,1312,3000
240000,326,326,326,326,326,5676
80000,14029,15493,16630,2000,1700,1000
400000,19660,9666,11867,9677,11867,7839
240000,50254,51445,53015,2000,3000,3000
50000,46004,45976,48953,1000,4035,1000
450000,0,0,0,0,0,0
110000,0,0,0,0,0,0
310000,304991,311243,306314,13019,11128,8407
20000,19115,18962,19298,1404,1130,600
20000,0,0,0,0,0,0
200000,110151,99530,98951,3568,3585,3602
180000,163736,116422,99278,4655,2690,2067
50000,3347,3899,4503,1000,1066,1300
60000,60521,61450,57244,2504,7,1200
30000,4000,5645,3508,5645,3508,27
240000,95,2622,3301,2622,3301,0
420000,253454,247743,229049,9744,9553,7603
330000,227389,228719,229644,8210,8095,8025
30000,28452,26145,26712,2000,1400,0
240000,10674,12035,13681,1500,1800,0
150000,17444,19342,22000,2500,3000,3000
210000,7166,7997,8792,1500,1500,1000
50000,752,300,5880,300,5880,0
50000,50801,50143,49586,2360,1700,1000
240000,0,0,0,0,0,0
180000,1832,0,832,0,416,332
50000,10131,10833,20583,1000,10000,400
170000,12159,10000,10000,10000,10000,10000
20000,1199,15586,344,15586,344,2340
50000,4999,5913,7315,1000,1500,2000
170000,19269,20313,20852,1661,1200,351
200000,197236,176192,93069,8000,5000,55500
80000,9168,10522,10205,1650,0,0
260000,-1100,-1100,21400,0,22500,0
140000,86627,78142,68336,3455,3110,5000
80000,42444,55744,43476,30000,3000,6000
350000,208,2906,1000,2906,1000,630
280000,208775,182350,132257,8042,6700,5137
30000,9014,10406,11427,1700,1500,1000
140000,23944,28049,32073,5000,5000,11885
200000,105420,102870,89643,4000,3250,3250
200000,196031,196143,189524,7300,7108,7680
210000,115785,122904,129847,10478,10478,11078
50000,12854,12362,13447,0,1600,500
30000,24357,27453,26718,3500,0,2200
50000,390,390,780,390,780,216
290000,1234,396,396,396,396,792
250000,141223,156858,151841,17994,0,5469
60000,21148,23803,24908,3000,1500,1500
110000,101640,104795,104855,5500,3900,3000
370000,6093,15130,8204,15383,8204,15413
100000,102349,96847,58824,3166,0,1330
90000,72112,73854,75526,3500,3500,3652
50000,28040,29092,29366,1510,1442,982
270000,37695,33397,30534,5000,2000,3000
300000,688,3280,0,3288,0,4340
50000,8567,15273,11650,15000,1000,149
50000,-709,-709,-709,0,0,0
360000,0,0,77,0,77,0
130000,64617,65978,67282,3000,3000,3000
80000,6187,100,600,504,500,1000
50000,48860,47801,48363,0,1500,1000
20000,16001,12622,13221,1212,1201,500
80000,77883,81811,80250,5800,1000,600
240000,12212,26578,25331,15000,0,2000
80000,49608,12412,14873,12500,6500,3000
500000,56422,110616,110340,70010,30357,30000
60000,58024,57891,48839,2500,1600,3000
20000,10642,11677,13070,1200,1593,601
100000,14483,13961,15323,0,1600,1500
360000,2616,57077,5287,57087,5295,68454
200000,199436,202947,193936,8214,7000,6800
130000,0,5396,10270,5396,5000,3500
20000,21703,21087,21461,0,1000,0
310000,59901,62147,62102,10020,6031,10057
60000,19625,20347,21669,1342,1664,2000
180000,11386,199,0,199,0,0
180000,14670,22087,21282,37867,0,200
50000,47790,18114,18250,2000,1000,2000
50000,36166,37188,37680,1900,1400,1700
150000,0,0,0,0,0,116
20000,18553,19446,19065,1500,1032,541
500000,412,138,2299,138,2299,1251
30000,29010,29256,28122,1000,85,1714
180000,750,0,0,0,0,0
140000,27123,27299,17985,25000,0,3000
140000,13424,18000,13001,10000,13001,5841
120000,107314,110578,113736,5000,5000,4152
360000,226430,231878,234192,9100,7300,5800
20000,227,20351,20237,22359,1305,1258
100000,390,1473,390,1473,390,390
210000,3088,1586,343,1586,343,3763
80000,81625,81554,79599,3200,3000,2038
330000,8872,4337,2854,4345,2854,1702
220000,105607,108917,111520,5000,5050,8303
210000,0,0,250,0,250,0
40000,38257,38901,38103,1700,1504,1200
30000,28347,28108,18388,3036,2309,0
470000,296573,303320,307843,13000,11001,0
30000,390,390,390,390,390,240
240000,-946,-946,-946,0,0,0
80000,79278,78501,78534,3100,3500,3400
110000,89989,84229,79288,4000,5000,3000
310000,1424,4542,126,4542,126,0
360000,105167,115468,112157,12000,0,5900
330000,335196,334954,335527,12388,12378,12116
300000,291619,297268,205629,12019,9006,17000
320000,91653,94037,108597,10042,18832,2117
50000,52626,51537,49205,0,24,1500
170000,130370,131199,128900,6530,4860,22500
350000,3265,2686,1864,2686,1864,569
20000,16455,16511,18902,1609,3000,663
50000,49758,48456,44116,2401,2254,2004
20000,19154,18165,17233,0,1333,500
50000,35084,35796,30937,2090,2002,1002
20000,20235,17132,16856,0,1200,1000
50000,102800,0,0,0,0,2624
190000,129801,131383,134379,5000,5000,10000
60000,58203,36367,20934,1506,1298,1000
80000,7988,3977,6848,3983,6853,1719
150000,127402,110050,51547,4500,1745,1566
210000,1440,0,7422,0,7422,893
240000,234205,231669,214642,10116,9150,8008
140000,19346,21708,22940,3000,2000,2198
60000,21501,20650,0,0,0,0
50000,47174,47974,48630,1800,2000,3000
50000,26655,27724,28676,1800,1750,900
180000,3139,5853,2821,2821,0,0
30000,142,215,139,355,120,0
20000,19816,20396,20102,1601,2203,2114
250000,52874,1631,1536,1631,1536,1010
100000,37767,34457,30036,1788,1799,1100
330000,46140,45781,48139,2504,4007,5056
50000,35713,15392,16099,1561,1268,587
50000,50867,51486,48869,1710,136,1206
30000,29242,29507,29155,5006,1244,851
140000,101551,105246,104781,5366,5087,3605
160000,70243,47779,28052,7042,2000,1000
400000,19532,3719,1453,3127,1469,4968
50000,27699,28513,29341,1565,1393,980
140000,1154,1233,862,1233,1075,1355
160000,8015,2453,9624,2453,9880,52572
100000,62170,0,0,0,0,0
220000,210380,213522,201852,10000,9020,6000
510000,78331,99414,107686,40010,20094,5000
50000,49276,35100,32563,1602,1400,3000
160000,4473,4664,5969,4664,5969,18941
230000,2283,50815,0,51315,0,0
80000,10115,249,5986,258,5995,188
150000,6156,0,0,0,0,316
10000,6974,7838,9002,1134,1298,478
130000,89003,91362,72197,4100,3095,1630
40000,34871,34449,33634,1600,1600,1500
50000,13694,14880,14242,1700,0,426
100000,70003,31545,20974,2035,2004,616
120000,1082,632,1350,0,1350,0
260000,0,0,0,0,0,0
200000,11253,12852,14024,2000,1322,2000
360000,0,0,0,0,0,0
70000,68699,69120,68376,4483,12496,3268
460000,171,2715,-13,2728,0,2654
50000,1156,316,316,316,316,316
50000,50859,50462,50654,2007,2199,691
250000,103109,102594,97109,4000,4500,5000
30000,1512,2458,664,1000,664,1500
270000,127543,109189,92630,10063,5162,10150
180000,163935,153152,147032,7722,6091,3563
100000,53494,52656,52600,4173,3000,2025
230000,195126,88743,92195,5000,5000,5000
210000,110346,41986,21874,41986,21874,20076
210000,60502,62804,62769,3276,2026,2000
440000,180641,181557,149944,8610,6907,3727
100000,70896,71678,70125,3472,2092,2000
240000,8751,9900,10605,1295,1000,1000
280000,898,898,325,898,325,898
50000,0,0,0,0,0,0
30000,1700,2610,1914,1100,0,300
10000,7015,10227,9560,3507,0,500
130000,0,0,0,0,0,0
200000,194353,197344,186292,9000,7465,4715
120000,1686,657,2179,657,2319,1423
210000,143225,142996,144415,6483,5082,6000
280000,58983,60788,63225,2755,3463,1300
300000,0,0,13001,0,13001,0
100000,99209,98222,67185,3490,2332,2314
440000,0,0,0,0,0,0
50000,49941,51213,12104,2400,1206,1000
20000,11968,14564,27820,2800,0,4000
200000,871,665,960,665,960,3908
110000,432,3220,5704,3220,5904,0
500000,10483,23956,0,23962,0,8500
300000,0,5215,0,5215,0,0
30000,9720,10613,11339,1200,1200,2000
60000,20847,13801,14366,13809,14583,4889
400000,3697,3600,1354,1000,1354,5322
180000,143301,146333,147042,7000,5000,5000
20000,10934,13738,16567,3000,3100,0
200000,52439,51040,56205,0,6000,0
100000,55734,52557,33415,1631,1286,200
60000,49507,33282,34312,1970,2000,618
110000,47819,48947,50330,2200,2500,2000
260000,0,165,526,165,526,452
50000,48522,50955,29516,3754,1,1070
180000,-2,-2,-2,0,0,0
110000,58362,56598,51908,2500,0,2000
340000,172180,180140,166281,21105,5461,5000
50000,1399,2441,3865,1070,1500,3666
230000,26361,18826,1100,1710,1100,1000
360000,93029,94054,91834,10000,7000,10000
210000,0,0,38013,0,38013,3000
220000,650,650,325,325,0,950
60000,24898,27976,27233,3800,0,3720
340000,50396,44665,8300,44665,8321,2190
150000,99855,102586,100064,5200,0,8100
200000,-179,505,189,1000,0,6900
130000,9559,12394,11883,3000,0,500
60000,10540,10232,11237,0,1483,673
400000,0,0,0,0,0,0
20000,20571,19089,19658,1323,1600,830
190000,143464,146943,151905,5795,7408,5645
260000,156882,160246,159988,10000,8000,6000
140000,390,0,0,0,0,0
50000,46512,47716,49675,1974,4406,1061
120000,882,6531,6313,6900,5037,1100
240000,92,92,92,92,92,0
50000,5916,6172,4123,1212,1200,0
200000,2393,183,4847,0,4872,20183
180000,274731,281713,242063,11000,145000,26000
180000,145403,138232,130553,5440,5051,3835
160000,3097,-707,-2697,0,0,5000
100000,1370,4192,4159,4210,4159,1000
50000,47081,49316,50409,3000,2000,2000
140000,138119,137950,140254,6600,6500,5100
30000,17893,19012,20123,1411,1522,621
90000,39128,20473,1940,1541,4200,0
200000,-14386,-13543,3432,10118,47015,0
380000,0,0,0,0,0,0
80000,77057,78102,58501,3177,2600,3000
50000,15899,18720,18122,3400,0,1000
180000,27679,28422,29650,1481,2000,1100
240000,141315,128940,124226,6349,5834,3870
380000,194314,179206,193992,9010,35000,5000
110000,83755,77431,79044,3000,2900,2900
260000,49657,291,51058,291,51058,35696
500000,507726,509229,499936,10000,0,14000
320000,71305,71151,72029,2589,2568,2570
50000,45734,44741,43562,0,0,1262
110000,0,0,2066,0,2066,0
230000,761,300,399,300,399,665
330000,-9,1520,1488,1529,1507,0
50000,47166,49396,50476,3000,2237,975
10000,2887,1923,2989,0,1500,0
300000,0,0,0,0,0,0
20000,20631,20010,19703,0,1168,384
180000,83538,0,0,0,0,0
160000,99,2977,15086,2977,15086,9123
90000,34302,35089,43449,1640,9000,0
30000,22987,22298,22352,2500,2000,1500
180000,173267,174590,175233,8100,5299,3305
30000,19143,20168,21229,1640,1700,915
30000,20518,19901,20905,0,1342,946
140000,10833,14446,7609,14000,3855,4991
210000,69937,71906,43308,3500,3000,2000
50000,20526,15129,15093,2000,3000,327
130000,89055,90780,70947,4200,2575,2600
50000,1894,3200,3381,1500,400,200
140000,100594,78372,91502,3000,30000,4000
170000,2948,3848,5646,1105,1903,0
80000,22619,31429,27923,10010,1209,579
410000,338106,342904,344464,15000,14000,9000
80000,0,80000,0,80000,0,0
80000,63144,65631,68875,3500,4330,3500
150000,153249,154049,156523,7900,6500,5700
260000,1131,291,582,291,582,0
350000,0,0,0,0,0,0
280000,-1312,35918,37297,38621,2000,1130
310000,103797,91989,87720,4400,4013,3011
140000,20110,17102,18862,3000,3000,3000
360000,38000,25000,0,25000,0,0
140000,142428,144105,143952,10000,10000,6000
100000,40810,42653,42351,2502,1200,860
50000,0,0,0,0,0,848
210000,104701,106134,108423,4002,5000,3500
120000,120298,120822,109887,4007,0,8272
240000,156362,132280,99174,5233,3289,2072
60000,41322,29091,28097,1488,1394,962
150000,1464,2084,384,2091,384,0
30000,27879,28870,27806,1774,1710,1046
160000,160432,163916,159676,7500,0,11558
200000,3858,2690,3410,2690,3487,0
120000,26476,21393,0,6000,0,0
500000,507062,491956,430637,325,15296,12137
320000,55607,62893,59001,11404,8232,10450
280000,168382,175646,180650,10000,8000,6371
60000,29332,28577,30805,0,2709,1600
200000,190,0,0,0,0,367
230000,0,0,2809,0,2809,4606
230000,13668,12647,13135,0,1064,423
480000,14867,26665,199960,26734,199982,9033
50000,22500,5000,0,5000,0,0
200000,7184,14845,1097,17507,1102,0
50000,14811,16262,17286,2000,1600,1200
50000,44338,43048,35639,3629,3332,2000
260000,0,0,0,0,0,0
30000,25265,26354,27710,1500,1800,1007
440000,169661,167199,158520,8071,9021,7013
230000,10237,2795,1350,2795,1350,371
200000,104978,105924,102663,4500,0,3500
490000,192586,197967,201666,10000,7143,7306
80000,11262,0,0,0,0,0
20000,9551,12081,13087,3000,1500,0
170000,199,199,199,199,199,398
70000,70119,68536,66601,3600,1646,600
210000,212601,177946,119362,6000,4500,5000
90000,91894,71732,73241,3200,3300,3000
390000,304867,299998,300426,13007,10612,10041
110000,48123,49537,50422,2500,2500,2000
580000,159760,162189,166127,6422,6565,5951
360000,9210,8485,17231,6015,17454,1775
270000,234752,233036,229286,10000,8000,0
60000,14072,0,0,0,0,300
110000,61807,62499,62162,2300,2200,2300
50000,51044,50231,46677,2500,3008,1000
80000,77024,73281,57806,3212,1600,956
50000,350,350,400,350,400,1695
100000,83831,85586,87289,4000,4037,6500
30000,0,0,945,0,945,0
200000,122923,124653,126355,5704,5930,4000
240000,246135,231443,234557,12026,9010,7400
220000,37304,33304,29254,1600,1500,1100
160000,146433,107604,89902,4500,4400,3000
180000,46122,1260,29366,1260,29366,54
200000,38564,38246,32253,5000,1485,1956
140000,96304,98007,82227,4505,12906,0
380000,0,0,0,0,0,0
600000,467150,458862,469703,0,18000,16000
260000,255691,262736,36638,14000,5022,130000
200000,156786,179,1443,179,1443,1443
80000,78129,28202,78553,2500,51432,1800
40000,40034,36549,17431,2027,1207,301
130000,71034,69329,74175,0,6000,0
50000,23974,24131,25326,1800,1900,1300
230000,819,18163,5473,18163,5654,12887
70000,50927,39883,32017,2100,1217,500
180000,152510,151651,159019,5657,10372,5000
80000,1689,8638,5702,8638,5723,2980
290000,20807,99860,100000,80000,3000,3015
230000,30141,131255,110503,120093,8034,3013
170000,0,0,1991,0,1991,0
230000,208459,206331,203813,7536,7277,7100
220000,212795,211043,212759,8909,7500,9000
230000,28114,28006,25000,1610,1224,655
500000,59372,49677,49515,10026,7241,50091
90000,6160,3274,6190,3276,6246,307
390000,355215,363325,373181,13802,16525,8893
400000,366193,372700,375948,14020,13595,6243
180000,2927,2790,1140,2790,1140,2144
60000,29295,30321,31018,1800,1500,2000
120000,4158,2682,0,2682,0,6440
60000,27199,28358,28937,1900,1400,1000
50000,50893,28527,29241,1800,1500,1200
70000,66759,68200,72972,2518,5950,0
500000,600,300,501,0,501,300
200000,0,0,0,0,0,0
250000,44930,137101,90801,120041,4435,0
140000,131367,146193,140202,17000,0,11400
70000,41264,41799,37887,2112,1200,758
90000,77604,73317,71334,1700,4000,1600
100000,2491,1709,574,1709,574,556
190000,177554,180633,172914,7600,6303,4137
230000,6865,15111,13165,15111,13165,0
320000,93768,91523,91579,3317,3506,4218
220000,396,1648,792,1648,792,0
260000,16426,6088,4663,6277,4663,4140
90000,573,0,0,157,0,0
30000,28703,26622,24022,1300,2,1608
260000,98560,100980,222102,4000,11900,207
170000,28304,17616,308,4000,308,0
80000,8574,9434,10038,1203,1047,248
50000,508,672,226,1000,390,1000
200000,203183,202961,194449,7521,7000,7000
20000,16440,20417,18333,7403,0,820
250000,66,0,0,0,0,120
20000,15912,17272,20565,1623,3916,750
30000,20344,21705,22537,2000,1500,2000
90000,23132,22474,28067,0,6000,0
230000,221590,227397,230302,10000,9000,8000
130000,19161,20544,22704,2000,3000,0
30000,0,0,0,0,0,0
160000,396,396,396,396,396,0
500000,3959,0,285138,0,285138,4989
180000,42238,38741,36696,2500,2000,1128
80000,21507,13207,13997,1700,1400,200
120000,884,0,0,0,0,10446
130000,1261,1261,1261,1261,1261,1411
120000,240,240,240,240,240,240
360000,20223,52962,3978,53228,3997,1750
50000,29509,30741,31438,2000,1500,1300
20000,18355,20259,19534,2900,10,577
100000,94265,53376,85787,2385,88678,2169
70000,68739,67629,69188,3060,3300,2610
50000,13917,16695,21320,3000,5000,2000
10000,10250,8558,10525,0,2126,390
290000,93844,97708,103066,6000,7000,5000
30000,16496,17522,18531,1597,1606,819
410000,-58,32991,36465,33049,16000,8700
360000,1210,820,64644,390,75720,62520
140000,111496,112133,69529,6022,3021,5012
210000,67374,69489,70937,3200,3200,2600
220000,1692,13250,433,13250,433,1831
20000,18649,18066,19040,0,1594,1000
620000,160837,156839,160440,0,6200,6000
360000,-8,-8,-8,0,0,0
20000,18763,14410,13771,14410,0,28
50000,34549,18552,19334,2836,1200,13000
50000,97538,49187,17518,2454,1588,780
10000,4073,6394,6143,2400,0,871
100000,53849,55030,61574,2050,7500,2500
50000,2411,3059,2333,3068,2440,1807
60000,480,1675,3630,1675,2500,578
440000,330759,337794,274075,13100,11000,10000
120000,92007,87939,82094,5417,2847,2066
50000,3257,4166,0,1000,0,0
110000,92638,90905,95768,600,7300,3700
200000,399,0,0,0,0,0
150000,0,0,0,0,0,0
30000,28778,28039,28286,0,1000,0
100000,30092,30486,30178,1553,5000,87
360000,12339,10138,23912,10000,13912,9785
390000,50620,43220,44237,5000,3000,3000
220000,-65,-65,-65,0,0,0
160000,0,0,0,0,0,0
230000,2403,7357,9752,7357,2566,3000
120000,52437,50473,45087,5024,5000,5000
100000,4657,6068,6418,1500,1000,1000
190000,28204,0,16500,0,16500,0
50000,50715,51073,28185,2500,1500,1100
240000,0,6370,0,6370,0,0
40000,35285,36714,37356,2000,1600,1401
630000,37850,68187,1207,38187,1207,2632
160000,5233,5393,1824,5401,1829,350
110000,65299,74565,78516,11000,5800,3200
20000,17208,18419,0,2055,0,0
210000,57192,58472,59658,2800,2753,2400
270000,5780,12006,15736,12006,5736,6621
360000,640,2113,-6,2231,0,1005
60000,631,2790,1758,2790,1758,416
360000,108351,111201,63146,8005,8004,5000
390000,834,155,-1690,1,1693,6940
250000,7244,8472,1738,8514,1751,6739
90000,13141,14526,15482,1600,1500,3000
360000,7071,401,3545,1510,3575,10573
50000,35429,30626,30241,1537,1947,800
270000,18751,5706,0,1000,0,0
200000,55788,8360,4897,8394,4927,5089
50000,49809,50364,38429,2040,2766,1690
350000,10900,10478,-22,10530,0,0
160000,3128,5156,1089,5156,1089,0
80000,3367,4641,2290,4641,2290,1459
290000,279610,282024,282508,13000,10200,10265
270000,475,475,5691,475,5691,34000
80000,5994,32223,8308,13647,8314,4082
50000,5197,6015,6615,1300,1100,1000
30000,7797,2687,8762,2687,8765,3390
30000,0,780,0,780,0,0
90000,35785,29155,27485,15155,5485,5263
160000,1433,3746,30258,3757,30348,1044
80000,77766,77954,78512,4000,2374,2007
50000,50300,50898,49111,2200,1600,1700
20000,14603,15661,16394,1600,1300,600
220000,0,0,0,0,0,0
210000,8817,23634,21776,23776,0,9631
130000,131575,130931,132969,6700,6000,1291
260000,5841,23194,62361,23194,50000,11500
230000,30341,25981,24092,5000,5000,65840
160000,83255,83912,85161,4000,3924,3200
50000,34976,6018,13930,1127,1074,215
80000,48747,45955,44989,2145,1844,2009
110000,56700,57875,59044,2681,2724,2287
200000,144678,140804,136437,5090,5014,5009
360000,268112,263368,259969,9429,8738,7017
210000,0,0,0,0,0,0
80000,79243,75254,58683,3249,3000,5000
300000,-475,5191,4606,10000,0,0
310000,23396,24182,25135,1426,1379,867
30000,390,390,390,390,390,390
170000,17862,17927,18800,1323,1196,544
140000,26450,28823,28171,3007,0,924
180000,0,0,0,0,0,0
50000,22746,22099,24121,0,2700,0
50000,9214,10359,7350,1351,1500,150
110000,40882,35428,39680,2000,5000,5000
450000,3996,9120,8528,9120,8528,0
200000,390,390,390,390,390,561
220000,44177,25736,19292,1006,32906,18900
360000,3280,0,0,0,0,0
50000,48226,48727,46228,2000,1684,1601
40000,36650,29541,26190,0,1435,955
190000,115049,117856,119570,6000,5000,0
150000,21724,23168,23320,2100,1200,965
200000,0,0,0,0,0,0
270000,137807,123769,104377,5000,5000,3953
60000,58839,53235,38533,2018,1900,2000
200000,80833,79100,70764,3315,3088,2572
150000,36146,36184,37511,3000,3000,3000
180000,340,-120,420,0,1000,500
90000,7624,0,0,0,0,0
360000,0,0,0,0,0,0
90000,491,0,0,0,0,0
20000,13168,13888,14900,1237,1249,1265
70000,60040,55274,51766,2600,1800,2000
230000,660,660,660,660,660,660
30000,29434,28960,29022,1465,2000,1033
200000,4430,7182,3855,7193,3855,3411
100000,1440,0,0,0,0,0
50000,26795,28056,29284,2000,2000,2000
20000,16591,16442,6401,1155,1000,0
210000,0,0,0,0,0,0
110000,46486,35758,34323,4086,1428,1318
20000,550,228,0,228,0,228
50000,5630,6629,5918,1107,1000,1000
50000,21986,21520,20979,1362,1294,682
400000,60125,1981,4521,1981,4521,20500
170000,56364,58132,59171,3000,3000,2000
280000,148363,148432,151310,6900,6867,5500
130000,100143,50456,50000,2500,1000,0
210000,46255,50486,54019,5000,5000,5000
370000,276436,239025,149128,20000,13000,5000
30000,29493,19433,18782,3200,0,742
150000,214450,147280,150000,5180,5000,0
60000,35369,35320,0,1027,0,0
80000,77615,77303,66396,3100,2586,2000
280000,186149,181779,192189,0,15000,8000
20000,21075,20795,20206,0,0,0
270000,0,0,1100,0,1100,300
240000,14348,7500,7816,1000,7816,7500
20000,20137,20179,18067,1300,1301,900
450000,-200,-200,0,0,200,42000
10000,8177,9131,9669,2500,1145,1000
280000,2082,3557,5623,3597,5672,5427
290000,13820,15614,16293,2000,1300,0
190000,46923,48666,49347,2500,2000,3000
80000,53261,38091,19744,4500,2011,3105
280000,427,298,1179,0,1179,1714
160000,14150,8106,12431,8106,12431,12145
90000,42856,44925,0,3114,0,787
140000,1034,40000,0,40000,0,0
50000,5137,5960,6270,1300,1000,120
40000,24114,25417,28777,2000,4110,1100
130000,130067,129385,96775,5540,4403,3814
70000,61611,62711,63695,3011,3095,2000
30000,25078,25538,25880,1500,1387,893
100000,97002,102698,97997,8200,0,8000
20000,5766,7511,7678,2000,500,0
30000,99568,32326,31840,33000,33000,5810
20000,12857,14183,14890,1541,1248,1000
100000,96193,82342,81967,3600,3800,3000
30000,2400,2400,2400,0,0,0
320000,97797,99672,101953,4520,5050,3590
90000,64762,63164,32789,0,2900,0
190000,145613,156765,159386,15000,6600,6500
200000,71989,122129,147936,52129,30000,6000
300000,3345,1083,4339,1087,4355,7423
30000,29033,17013,7024,1283,7024,7024
110000,26650,20787,20566,1532,2000,783
230000,0,0,1024,0,1024,0
230000,4259,5432,6182,1250,1000,0
310000,106468,108955,112374,8000,6000,5000
320000,247276,241167,238196,10000,10000,10000
360000,1548,-32,177639,0,177671,3508
20000,780,0,732,0,732,300
170000,162671,166202,161973,7500,6000,10000
140000,123049,125616,129695,4310,5913,4426
80000,51372,51872,47593,1853,1700,1522
150000,60015,72227,51364,20000,30000,54340
170000,1170,780,0,0,0,0
200000,159398,156955,132144,6163,4530,4500
70000,55664,59529,57571,5800,0,2250
320000,43528,498,429,500,431,14328
150000,0,0,0,0,0,0
50000,27966,28539,11597,1267,1553,7511
90000,8792,7500,0,0,0,0
280000,28026,41302,51500,41346,52110,35752
300000,43610,43280,36156,1655,1797,750
400000,0,8235,0,8235,0,0
200000,5780,105,105,105,105,0
10000,8109,9778,8259,2000,1036,0
50000,52515,51424,49967,0,0,2000
30000,22582,26518,25814,4600,0,0
50000,15448,16392,18096,1500,2000,1500
50000,58102,59011,56272,2500,2500,2000
30000,12289,11806,13268,0,1970,0
20000,10476,7279,688,1000,688,0
20000,16326,17497,18456,1441,1400,368
50000,17681,18249,18054,1611,2000,780
30000,47912,25023,25768,1755,1500,1000
360000,18886,14249,3821,0,3828,2000
170000,0,1690,0,1690,0,0
400000,203,767,664,770,667,1256
50000,34962,32275,31253,1613,2000,1500
160000,80964,80337,82182,4000,4000,3500
70000,69418,68943,38783,2382,2025,1000
150000,0,0,0,0,0,0
80000,45174,41885,42832,3000,3413,2000
30000,23892,28459,25499,5300,0,1000
10000,7960,9649,8518,2000,1000,500
180000,0,3338,3333,3338,3333,3333
320000,9192,13920,4022,13942,4022,316
80000,25935,27210,28783,2000,2338,2000
10000,7139,8416,9815,1400,1700,0
360000,12865,4462,19560,4484,19623,222
450000,-14,2568,-387,2582,0,0
330000,49549,133957,128212,90000,3000,5000
60000,546,255,464,0,500,1000
50000,9935,11029,12795,1234,2000,297
200000,152856,156104,158279,6000,5000,5000
120000,1278,639,621,0,621,0
160000,316,316,0,316,0,316
110000,46132,41050,40091,2306,2111,3009
70000,27345,-1041,17571,1041,18862,640
150000,101593,101886,101441,4000,4032,3410
610000,142764,126606,67887,6540,2100,2150
110000,92849,94766,93894,4346,4075,3144
80000,17330,19258,23416,3000,4790,0
170000,109863,79574,78440,4380,3000,3000
110000,1064,2001,3796,2007,3796,0
140000,56764,57950,57668,2115,2004,1941
70000,43048,43257,44115,3000,4000,0
260000,29484,28592,16869,10000,3000,12713
170000,21310,22957,24266,2000,2000,2000
50000,10821,11877,13656,1221,2000,1500
300000,280823,275303,271952,11000,12000,7200
150000,390,390,390,390,390,4825
50000,37647,37102,36238,0,0,1000
50000,0,0,1756,0,1756,1000
90000,84710,87334,87862,4000,3258,1000
50000,48036,46787,42011,2100,1227,383
500000,43346,43976,39032,4006,2383,1126
470000,873,1593,1518,1005,1000,285
230000,110163,112499,114837,5600,5700,5000
140000,4113,6030,16025,2000,16025,24616
230000,9636,10152,1817,1222,1837,0
420000,25103,21330,16024,1509,1067,3061
30000,31319,31181,31540,1564,1800,1100
50000,43343,43360,23417,1300,1400,920
140000,197,0,0,0,0,233
260000,7967,67650,6000,67650,6000,0
90000,19450,3123,2121,0,3509,3113
240000,240878,233838,238067,10000,11000,10000
510000,2115,2116,5560,1117,4560,91
110000,81665,46070,34419,2460,2000,3000
210000,11442,3738,7526,3738,7526,5000
220000,158,0,0,0,0,0
200000,2257,4261,1265,4266,1667,2473
360000,10733,15206,15000,15206,15032,9769
260000,316,316,316,316,316,316
20000,11026,9535,10510,1174,1149,501
120000,113869,116110,111978,5498,5500,4000
50000,7363,5180,31902,39,32013,11079
60000,29649,21657,28736,0,8000,15000
200000,12716,16164,1954,16244,1963,3359
20000,1438,1261,451,1261,451,0
50000,47858,49223,42589,2500,3000,7000
50000,0,0,190,0,190,0
230000,40732,44563,42804,5000,0,3000
50000,819,3003,1677,2184,5,1180
100000,79580,81493,82759,3790,3200,3100
210000,0,0,2490,0,2490,0
230000,87764,73526,72376,2630,2614,6000
500000,31421,22150,0,22157,0,0
370000,929,328,0,328,0,1539
230000,2648,191,1947,200,1950,11692
80000,11894,12287,12407,1284,1047,2000
60000,55064,57833,9479,5000,1033,0
30000,25382,26480,25761,1800,0,928
70000,-54,273,19,600,19,0
410000,5335,5369,-281,5400,0,0
280000,-288,-288,-288,0,0,0
50000,46750,48317,48282,2320,1282,3299
100000,97062,74352,75004,2800,2700,5400
230000,0,0,0,0,0,0
50000,13801,9549,5385,1372,1275,7900
100000,15355,17949,18158,3164,800,800
210000,37148,35754,34232,2000,2000,2444
400000,385,12695,1290,13032,1290,0
20000,20610,20005,19331,0,0,500
50000,2000,780,0,780,0,7472
230000,6666,6666,0,6666,0,0
220000,31037,6244,0,3050,0,0
300000,25239,25001,20800,1713,1000,0
80000,998,6858,1879,6861,11,1146
20000,16754,18873,19862,2400,1600,0
190000,31061,32129,33142,1750,1720,1300
160000,2694,38433,38870,35888,1325,891
120000,70096,76446,73732,8100,0,247
700000,99259,102345,109636,5000,10000,326
140000,0,0,0,0,0,0
300000,24921,21333,16212,2000,3000,0
120000,66055,67405,68405,3000,2700,2700
280000,213738,228963,223810,20300,0,5600
70000,54968,51384,49734,0,2100,1950
20000,4101,507,3042,507,3042,0
150000,2605,2605,4590,2605,4590,2605
60000,15380,4116,19453,4147,19435,1000
200000,780,0,390,0,390,780
50000,48861,48082,48614,2000,2233,1083
150000,55336,58255,36260,5085,4000,0
20000,20243,20400,19583,1410,1200,534
40000,11058,11471,11776,2000,1500,2330
170000,0,7042,2986,7042,2986,0
50000,27087,26372,26992,0,1400,1100
10000,8755,8158,7540,1167,1022,1036
200000,3035,199602,720,199646,720,0
50000,20944,4696,47225,2360,49325,3001
320000,2007,3477,3037,2000,1000,1633
20000,24310,23987,23353,0,0,0
470000,152478,62084,54551,3001,4005,2021
230000,550,0,13013,0,13013,1252
20000,17246,16988,15973,2000,2000,3000
30000,1598,2487,0,2487,0,4810
80000,22895,23837,24253,1600,1100,1000
110000,15069,16123,16850,1600,1300,1000
420000,88948,79783,80575,30000,10575,15000
500000,0,0,0,0,0,0
80000,79318,79459,79788,2000,2201,2000
350000,67648,68557,63179,3039,2047,1750
30000,0,0,0,0,0,0
110000,0,0,0,0,0,0
500000,315201,332071,375070,25000,50000,20000
490000,4290,4738,2803,4738,2803,6027
300000,205064,-86,-86,0,0,2100
50000,47647,50232,50510,3700,3700,0
150000,151117,153787,150320,6500,0,512
80000,726,726,15400,0,15400,0
40000,20035,21406,24735,2000,4000,0
30000,29095,30819,29214,2500,0,910
50000,30400,0,0,500,0,0
140000,44733,44144,44739,2100,2027,1800
50000,4987,6741,9366,2000,3000,1500
30000,26957,26269,17036,1333,2256,27497
40000,26461,29425,30145,3400,1500,0
100000,50485,51582,52141,2200,2000,2000
130000,131041,133698,131990,7000,5151,4464
20000,20218,19194,20112,1482,1400,0
50000,0,0,0,0,0,0
260000,1086,2853,38836,3552,38836,20000
30000,2450,2450,2450,0,0,0
10000,15915,9050,9901,2330,2200,1000
200000,43515,44557,45574,1739,1756,2662
30000,28234,28874,29437,1484,1436,1120
180000,119333,123150,0,6000,0,0
100000,29109,0,0,0,0,0
140000,105192,90337,74510,3000,6000,4000
290000,310403,315048,314085,12012,12012,11016
20000,14591,15616,16628,1265,1277,607
80000,35660,37082,38464,2000,2000,1397
500000,13655,8351,2340,8351,2340,2340
180000,4453,3310,7226,3310,7228,5060
20000,2946,0,390,0,390,390
30000,30606,29579,30291,1800,1512,1259
150000,45335,50262,54793,6000,6000,6000
280000,5924,5174,980,5174,1078,3058
50000,23587,24580,20165,1800,1775,10732
20000,15294,16340,17359,1300,1300,700
200000,4935,-200,11463,0,11663,9363
210000,0,0,0,0,0,0
230000,224020,227311,184500,8750,7470,4540
50000,47917,48455,48120,1988,1989,1018
50000,51737,27121,28103,2930,1447,1158
70000,49605,51804,53041,3000,2700,3000
310000,1544,1648,1284,1300,1000,1000
180000,2488,13476,3173,13476,3173,13212
90000,24401,22771,19461,1454,1384,407
390000,149445,139794,133224,8046,5150,5297
150000,772,337,618,340,618,150
400000,13611,15066,15882,3019,5014,3
80000,28408,25695,11553,1259,1035,1600
320000,137574,199563,122093,6048,6371,3043
240000,238,0,0,0,0,0
200000,100,100,100,100,100,100
110000,92610,94755,92351,4500,0,11300
170000,131864,133897,129761,5600,0,11000
90000,11315,12340,13349,1212,1221,1148
200000,3877,11496,5935,11496,1011,297
360000,0,2500,0,2500,0,0
140000,4036,0,0,0,0,2971
220000,168286,155893,119575,10000,3900,1000
100000,154970,0,0,0,0,0
80000,57364,58637,59863,2200,2200,4000
30000,27772,30461,29325,3136,0,0
50000,4187,5152,3679,2300,0,700
120000,22431,12399,4199,1500,1000,682
50000,7010,9876,11115,3000,1500,2000
360000,79837,27456,68117,27465,50154,39105
90000,86014,92898,92860,8300,2400,1000
500000,386405,387910,293177,25016,20018,10000
140000,68075,69972,71805,3000,3000,3000
30000,17187,24045,23180,7900,0,0
70000,19882,20611,21859,1352,1600,949
200000,0,0,0,0,0,0
350000,54969,47978,48631,2087,1989,1591
120000,0,0,0,0,0,0
240000,471814,478380,395612,16044,15087,12000
90000,22109,25011,29230,6000,5000,4000
260000,0,0,0,0,0,0
50000,27245,28300,31900,1800,4400,0
110000,8481,13066,17638,4980,5124,5256
20000,1371,796,398,796,0,796
30000,27391,28412,28575,1767,1700,1010
180000,11392,14688,14040,3500,0,0
20000,5902,6767,8145,1122,1500,291
50000,50342,50482,49217,1896,1656,1750
180000,10737,21197,11936,21197,11936,40420
200000,1242,4006,941,4034,945,2366
260000,68411,60386,48663,2500,4000,4000
320000,9955,3465,84421,3465,84440,886
160000,1989,-8,866,0,874,0
30000,7851,9065,11595,1500,3000,0
50000,16906,17645,18478,1314,1147,348
50000,21062,6495,2207,2000,1000,0
90000,47585,52084,53817,10000,2600,2500
240000,11874,5979,6938,0,6938,41877
180000,15548,15009,17752,0,3000,0
200000,5150,10190,10190,10190,10190,10190
50000,42543,34629,27095,1900,1428,600
50000,1261,1261,1261,1261,1261,1261
330000,4785,3403,0,3523,0,5882
80000,1200,1200,1200,0,0,0
50000,3779,3944,2118,3955,2124,2266
360000,15854,8174,1004,1000,1004,1004
240000,219099,217058,187841,8131,8123,6700
50000,47069,48479,49520,2169,2210,680
470000,190258,181207,120318,40012,10020,40069
160000,2000,1000,2125,0,2125,2125
30000,12897,13484,6655,2011,2211,2101
80000,81074,78262,76163,3700,3400,2900
500000,10889,26146,104279,29987,104279,2085
180000,3135,2822,1938,2833,2015,5818
110000,2410,2151,2161,2151,2161,1719
160000,117126,11222,15513,15315,15000,3000
210000,21780,20974,18652,1325,1074,1000
200000,6206,6723,7545,1120,1024,362
350000,4439,33720,14283,33891,16267,4027
250000,1338,-24,8324,0,8348,0
380000,8201,7882,-2,39,0,0
30000,396,396,396,396,396,792
200000,33781,35879,26043,3000,2000,2000
30000,27826,28672,29622,1600,1500,1000
50000,14937,12171,3847,3027,3858,11139
500000,294827,292920,291760,20007,20026,20020
30000,0,0,1310,0,1310,816
220000,996,4102,4111,4102,1111,1057
20000,42784,41009,44267,3000,5000,10000
180000,74189,30670,6428,2000,1000,0
300000,11973,61834,25145,20979,5000,37676
130000,133461,133393,132211,7010,6657,3899
180000,10159,12689,12183,2710,0,2000
150000,50,6527,2168,8589,2500,0
140000,134203,127319,107496,5000,3500,2700
50000,49609,61162,31485,2100,2000,4000
20000,6174,7543,7255,2000,28,0
180000,666,662,-4,662,0,61411
180000,5591,6619,10574,1126,4081,240
150000,148747,145231,145341,5500,5500,11000
70000,63903,65248,62958,3000,2190,2201
30000,34423,33952,33165,0,0,0
500000,45106,81264,18122,81690,18225,27365
60000,44801,41545,40649,3000,4506,2500
50000,49860,50187,50022,2500,1289,917
130000,1018,6377,-2,6433,2,937
260000,134736,135593,120909,6067,10000,3000
380000,0,0,0,0,0,0
360000,286732,290690,284059,10792,0,15000
50000,62847,60885,56828,2100,0,2000
50000,58300,59727,142,7876,161,74354
260000,1215,856,291,0,291,803
80000,57376,58649,59873,2200,2200,2200
360000,279846,169426,68810,7004,1793,2757
290000,0,0,0,0,0,0
200000,-200,-200,-200,0,0,200
140000,39716,40799,41853,1600,1600,3169
360000,0,0,0,0,0,0
50000,780,0,780,0,780,0
120000,113348,110119,111700,0,5000,3158
100000,94453,95860,67782,3320,5000,0
200000,81865,86790,8441,5000,2000,89000
90000,4989,-818,1114,0,2806,2256
360000,0,0,0,0,0,0
150000,456,9664,3420,9664,3420,2612
140000,2937,5150,1514,2024,1522,2580
200000,1371,4068,0,4077,0,0
170000,166246,169163,136604,6700,6800,4700
30000,19785,24633,23961,5500,0,0
80000,80000,0,0,0,0,0
280000,164736,170564,150666,8833,12005,5000
410000,2744,2041,630,2051,5,266
450000,29747,53311,10920,30323,10973,8112
80000,79148,52174,44275,2000,2000,1500
360000,92961,76243,51722,10125,13092,0
130000,129689,107070,103942,5000,4400,5000
160000,2198,11155,0,9155,0,12315
140000,131795,134083,125360,6743,5421,3926
240000,-55,-55,3545,0,3600,1338
180000,4148,0,0,0,0,0
70000,69398,70352,69936,2667,2321,2391
150000,142827,126317,75324,5000,4000,5000
210000,138398,109115,101912,5000,5000,2500
200000,9918,10971,11817,1219,1165,7865
310000,4040,4048,3959,4068,3964,205
180000,153099,150227,138313,7005,6500,5000
300000,62198,35674,34979,1600,2600,510
450000,11343,75083,25273,75459,25413,85784
200000,-5,3465,3191,3470,3191,0
30000,30374,29038,27737,0,1500,2182
400000,1107,3891,120338,3891,120407,0
170000,764,1100,500,1105,500,2499
140000,652,326,326,0,326,326
200000,64195,65565,66870,3000,3000,3000
60000,-1540,-1930,-2320,0,0,2000
60000,43356,42381,46663,0,5000,4000
150000,11109,83376,79726,78016,3048,4000
180000,149698,137260,124500,4834,4371,3849
50000,43979,33403,20879,2000,2000,2000
50000,2562,8743,-290,8769,0,18650
20000,70,-620,-620,0,0,0
230000,1292,3943,1990,3951,1,9
110000,55349,52914,49483,2096,2003,1802
90000,90922,80980,66503,4273,3200,2500
20000,16233,20547,20542,5383,660,0
30000,26847,24815,21681,2500,3500,2000
220000,162105,170592,173969,10000,5013,10626
140000,42897,45739,46468,3821,1775,0
300000,3000,3300,0,3300,0,0
100000,34704,30906,28325,2011,2028,10
110000,279,279,279,0,0,0
270000,10000,10000,10000,10000,10000,222750
30000,28033,17085,200,1525,200,323
70000,70476,68539,69520,2700,3500,2000
230000,1350,0,0,0,0,0
20000,18852,16648,19395,1500,4000,2000
190000,115056,108137,89722,0,4413,2942
20000,15890,13995,13375,2000,2000,1000
80000,20255,18885,21529,6000,5002,10662
20000,20500,16237,20960,2191,1000,0
60000,9928,11261,12853,1500,2090,0
50000,10750,8755,8684,1507,3109,2209
280000,284204,284041,283396,10261,17003,7657
300000,120151,89618,47857,4229,5024,6012
30000,29278,30393,29785,1600,1585,1377
270000,21586,239499,203867,239104,7098,6179
100000,87579,72308,53505,4172,2094,3007
240000,291,291,291,291,291,291
200000,2159,760,2775,1086,2775,22813
110000,32691,36344,36055,4500,600,1000
230000,1477,3699,2252,3710,2266,7338
150000,390,5104,10318,5104,10318,10355
350000,148341,8095,15047,8405,15052,3805
360000,47615,74976,4040,75351,4064,152618
150000,-19,3894,5570,3913,5606,10568
100000,94925,95130,60003,3889,2412,1698
500000,204198,201648,197549,7434,6342,5276
500000,172041,70011,12976,58761,13976,34828
180000,316,316,316,316,316,316
400000,2384,3500,471,3603,471,203
100000,61383,49560,40183,1908,2000,1000
10000,8425,8148,9481,0,1632,0
60000,34735,33895,36530,0,3200,1500
50000,47054,48008,48913,2000,2000,2000
80000,57314,58489,50452,2145,2000,2012
110000,108616,114854,105275,9600,0,4000
410000,354506,363666,369776,14600,15500,14000
260000,0,342,0,342,0,0
30000,28786,26496,25098,1500,1450,1500
310000,36513,37628,39579,2500,3000,1500
70000,22578,23606,24619,1397,1410,898
250000,215316,198490,169014,6845,5945,5919
210000,198510,194040,199393,0,10000,7000
360000,0,0,0,0,0,0
50000,48657,45079,47714,0,4300,2150
670000,244663,243209,229265,10000,8000,8500
130000,2343,32278,24175,32322,1217,1000
170000,0,0,0,0,0,0
30000,390,0,780,0,780,0
110000,36802,38210,40259,2000,3000,2000
210000,5816,5579,20079,13,17309,0
30000,24238,26996,26269,3462,0,2200
260000,18256,19556,18136,2934,0,8000
150000,1723,2292,240,6876,240,683
20000,18648,18061,21034,0,3292,0
380000,6614,54457,47872,49094,0,24543
200000,7812,0,0,0,0,1115
120000,1188,2512,3444,2512,3444,1742
80000,76962,79463,79761,4000,3500,1100
30000,31089,10989,11997,0,1200,600
110000,83687,85360,86274,3900,3200,0
50000,3424,155,1922,155,1922,1473
90000,84148,79847,75576,5006,4007,5006
110000,12633,88334,53978,80004,1500,12013
50000,38607,39681,40717,2000,2000,1642
60000,11862,1856,-14,1861,0,4853
150000,80463,82513,84271,3348,3490,1402
20000,18738,18016,7190,20,1500,0
140000,-150,-150,-150,0,0,0
120000,-9,898,7752,907,7772,4447
200000,176502,176297,162826,8000,7300,6000
20000,19977,21359,20581,2000,0,0
50000,48221,49629,48868,2571,1200,1000
200000,18012,18367,16996,1385,1020,229
100000,75912,85276,88498,10000,4000,2600
300000,2285,0,0,0,0,0
500000,22369,14100,24754,14128,24902,21479
360000,2995,2401,2277,2406,2282,500
160000,0,0,0,0,0,0
50000,47053,47835,51109,1842,4116,2000
230000,234328,234211,157345,8913,5449,5339
200000,0,3346,0,3346,0,465
270000,256402,264267,271951,17944,18112,15405
50000,45159,49125,47956,4700,0,2004
20000,15764,15718,17164,500,2000,0
60000,59643,61279,61017,3200,2535,2331
50000,2522,0,18171,0,18171,341
50000,19339,20424,20086,1703,1306,810
130000,109006,110256,113283,4500,5000,4000
230000,147300,121855,102074,10000,5000,4000
20000,3400,4129,0,1000,0,0
30000,19801,20449,19798,3000,0,700
200000,8432,6977,6727,3746,6737,2013
140000,2515,0,0,0,0,0
100000,98845,95265,98571,4600,8002,4003
240000,127418,135942,132640,10400,0,4500
70000,2400,2400,2400,0,0,0
360000,71195,60553,60158,0,1399,0
140000,149389,145757,144229,0,5350,5555
50000,2072,1532,3106,0,2000,5
210000,396,590,2042,590,2042,0
280000,191493,187913,169223,1000,7600,5949
180000,50420,51818,52372,2500,2000,2000
150000,10705,5416,5162,1000,5162,1000
20000,19739,19137,19857,0,1200,0
350000,8760,5882,9845,5932,9908,4692
130000,3820,2640,30403,2640,30403,193
470000,0,0,0,0,0,0
340000,4052,0,4105,0,4105,0
80000,77389,75585,80300,0,6000,0
70000,70524,70740,46740,2500,2000,0
230000,5990,1677,2920,1677,2920,2683
180000,21494,25600,0,5000,0,0
210000,26749,34451,25200,14000,3007,5000
20000,780,0,390,0,390,390
140000,137606,140557,111000,6000,3200,3238
200000,115702,113576,109812,5517,5381,3838
50000,47822,36488,36811,2009,2000,556
80000,3526,6687,4356,6687,1000,0
30000,1445,3410,5338,2000,2000,2000
140000,9305,13614,13103,4800,0,1500
80000,1262,1642,1975,1642,1975,672
220000,20000,3450,5516,3450,5549,50019
180000,666,666,666,666,666,666
140000,81764,92071,43777,20167,5000,28800
180000,10022,12847,12351,3000,0,500
50000,14536,15694,16431,1700,1300,900
170000,97474,78520,80131,2932,3000,2500
50000,50958,50889,49697,2042,1150,329
50000,49144,20818,17890,1500,1300,700
300000,1874,-200,-200,0,0,0
390000,386301,392458,290201,17000,11000,11000
90000,81998,83674,80890,4003,3000,3000
200000,194241,193425,196537,12000,8500,7000
460000,410033,385394,325663,16088,13039,11127
10000,3714,4158,4654,1104,1000,31
20000,1261,2835,2522,2835,1000,0
50000,1232,1846,697,1846,697,364
480000,90258,76099,56776,30000,1708,1292
180000,169263,174532,176686,8000,6700,6000
240000,3093,2322,8186,2000,2020,2500
250000,584,3291,8660,3307,8703,7532
270000,381,3376,2958,3406,2983,4172
200000,123337,11148,19165,11202,19275,22304
100000,100036,100041,100402,4702,4617,3600
160000,710,666,403,666,403,1650
80000,81841,74516,69485,4100,2507,2140
130000,29547,23154,18637,0,1500,486
340000,142836,145125,146682,7000,5500,6027
360000,0,394,11142,394,11253,0
120000,108300,108538,94833,5000,4121,2000
120000,30101,31281,30180,2000,2000,1090
300000,247279,235093,224062,10005,9500,7500
60000,2516,0,0,0,0,0
210000,106724,109251,103733,4037,3519,3442
210000,209807,123664,51353,5088,2000,1600
70000,21024,21790,21142,1400,0,3000
200000,50612,10537,5552,10023,27,2614
230000,51802,53956,56968,3000,3921,2079
20000,3675,19316,19844,19316,1261,651
210000,211749,205947,201848,7000,10015,10000
160000,390,390,390,390,390,390
290000,1312,1312,1311,1318,1317,1493
80000,63677,64162,38141,2000,1905,1350
360000,4134,2128,960,2134,982,6858
230000,164634,166134,142049,7326,10000,10000
360000,16230,-200,0,0,200,0
340000,351828,280067,259651,30076,25118,20085
50000,8537,9591,10581,1200,1163,400
80000,89394,81223,77198,5000,19153,1500
50000,97043,39837,6928,2000,6943,17006
30000,3019,1479,18860,1479,18881,0
210000,1360,0,0,0,0,3620
150000,3260,2270,5887,2270,5887,3935
20000,20297,17054,2333,1240,2333,0
20000,19624,16972,0,1000,0,0
240000,5325,-5,-5,5,0,1079
500000,16984,86772,53170,87004,53192,28622
90000,12770,14241,14895,2500,1200,10500
50000,50131,28152,20746,1388,2011,1006
50000,50834,50770,50215,2200,1517,1000
680000,18314,16088,17806,2700,2400,600
50000,45717,47974,49837,3000,3000,2000
100000,326,326,652,326,652,0
280000,270276,506260,263734,11000,10000,10004
30000,26278,24767,27533,1700,3400,2528
50000,23901,13262,8643,4146,1200,0
60000,8308,7565,8373,7565,8373,7565
120000,118709,120580,118684,5000,5007,4000
80000,2890,9796,13443,9796,13443,396
500000,140,94,39,94,39,44
70000,18317,17330,11400,0,1000,110
160000,0,0,0,0,0,1468
100000,110537,99734,99973,0,3000,103000
10000,7877,8918,9864,1174,1120,310
90000,10750,100,200,100,200,0
170000,74298,80073,81959,7000,3800,10000
90000,2667,2667,0,2667,0,0
180000,67414,61256,66668,10000,10000,17500
350000,2400,2400,2400,0,0,0
270000,225400,220202,215056,9000,9348,10600
200000,65935,25574,28727,1011,31209,383
20000,15829,15299,16262,1600,1550,1000
100000,44953,46922,48677,3000,3000,2000
290000,194301,199451,198684,10744,6000,1573
70000,68970,67308,68582,0,3005,2546
230000,416,371,416,371,461,416
180000,950,4369,9673,4369,9673,3260
210000,291,291,291,291,291,291
50000,49946,48808,45469,0,2079,693
150000,45000,44386,46505,3000,2500,3000
380000,385662,294826,220022,12020,9009,6109
50000,45335,46027,30286,1524,1427,941
150000,264,948,632,1000,0,0
220000,122286,122839,123035,5008,5007,6007
80000,45268,47140,47411,2600,1800,1700
220000,194961,197536,203251,7200,9000,10000
70000,24208,25015,27189,1500,2900,0
120000,16241,16680,17695,1000,1600,800
180000,20730,17107,35884,1582,30000,1000
50000,49017,50690,47487,2500,2000,2000
10000,9532,9236,10047,0,1006,1390
370000,21160,8153,12094,8162,12294,30751
20000,10658,9288,390,1072,390,390
150000,132214,135140,135263,4414,4700,4306
20000,416,416,416,416,416,416
480000,17189,6013,1717,6026,1717,1390
50000,25060,26649,28202,2000,2000,3000
170000,24581,25611,26631,1728,1748,1500
400000,-200,-200,-200,0,0,946
200000,38635,41031,45929,3031,5929,3500
360000,0,0,0,0,0,0
140000,91226,83650,80037,4182,4000,4000
260000,12071,12497,1027,2114,1027,103
440000,96190,90462,78267,3513,3017,2037
500000,12200,8140,10176,1518,5019,15027
230000,64982,44908,51535,3000,11000,15000
470000,13780,12242,32463,12300,32520,34
20000,14589,16743,17522,2700,1400,0
210000,108491,111046,110716,5800,3700,3505
20000,6733,0,0,0,0,19132
20000,12197,13292,14362,1600,1600,1000
200000,-2,758,998,760,1000,670
250000,6220,27217,6149,27225,6159,25846
300000,34480,31159,18580,1472,1000,1410
320000,113801,90354,88467,5017,4057,4014
50000,37170,36297,39863,0,4500,0
200000,6626,2469,3760,2476,3771,4285
80000,16936,17963,18976,1303,1316,1000
70000,10323,6659,6740,0,3559,189
60000,56807,55339,55751,0,2141,2000
10000,10012,9784,9473,2452,7,308
50000,50332,51247,50073,4210,0,1500
140000,133572,135367,113272,6169,4500,4287
30000,7160,8185,9286,1300,1400,500
190000,435,435,635,435,635,2084
70000,853,3128,4719,3128,4722,0
330000,390,0,780,0,780,150
110000,6470,8610,15123,2654,7230,0
270000,165303,168837,172281,6200,6254,6290
160000,26295,27074,28314,1500,2000,1500
20000,18937,18350,18918,0,1251,656
320000,21460,23412,25331,3000,3000,1500
430000,29860,39305,43020,10000,5000,5540
50000,8014,7668,7081,1200,1000,91
140000,1600,5012,4739,5012,0,0
500000,4214,6378,4074,6378,4074,116446
80000,26637,26437,26686,1490,2000,2000
390000,0,0,1266,0,1266,0
250000,17454,-50,45297,24890,48394,0
390000,6466,6266,12578,6266,12581,7650
100000,57612,58818,60841,2134,3000,2200
360000,179851,186961,201703,10005,20117,15018
140000,-5,1135,17227,1140,17227,0
110000,45964,46922,48140,2000,2000,2000
170000,316,316,632,316,632,0
170000,137823,137199,136331,5396,5000,5000
180000,4745,5765,6631,1257,1123,1878
140000,109326,111679,113921,5600,5600,4500
20000,13882,13342,808,2018,404,19000
150000,0,0,0,0,0,0
50000,48072,49518,49500,2518,1500,500
160000,0,0,0,0,0,0
80000,3153,1013,0,1013,0,0
300000,-140,28092,3572,28232,3589,195
60000,62552,26929,27967,1500,1500,1003
70000,42583,43600,47550,2000,5000,0
290000,632,0,480,0,480,4
80000,8766,4777,0,1600,0,0
50000,0,0,0,0,0,0
200000,7697,18951,27974,20071,20036,15022
200000,267,6794,10430,6817,10671,3576
50000,586,297,3674,297,3675,1392
20000,1041,10757,11094,10758,2679,502
200000,6186,735,1463,735,1463,15550
120000,77785,75984,78109,0,4000,2988
220000,172184,170697,168041,7583,7461,5809
630000,440474,444370,455286,18000,20000,12000
300000,19357,5000,3744,5032,3744,8059
10000,8184,5011,5728,0,1000,0
50000,0,0,0,0,0,0
280000,7791,5851,430,1000,430,2041
130000,4536,5616,6455,1161,1000,336
30000,23182,19083,19632,2000,2000,0
50000,9877,10800,5921,1140,1000,121
70000,24758,25581,16105,1273,1534,2000
80000,41815,42938,44022,2100,2100,1800
20000,16726,19143,18391,3000,0,371
390000,495559,248821,216051,10218,8035,7035
470000,147113,133486,125159,5000,4500,2505
240000,7818,9363,0,9434,0,0
140000,14943,2888,0,2888,0,0
260000,244738,251351,244949,12000,0,11000
150000,191,1963,4729,1964,4729,1568
120000,14682,17325,17936,3200,1200,1200
20000,18021,17352,17667,1280,1293,813
260000,399,2101,577,2101,577,0
50000,42678,38239,22691,1500,1100,1000
180000,126195,127881,128491,6000,4575,0
310000,10350,0,0,0,0,0
360000,5101,9358,15452,9419,15485,9995
180000,14445,15404,19885,1500,4911,10355
270000,1250,1250,1250,0,0,0
70000,67857,69711,64947,3000,1500,13959
50000,2155,0,1978,0,30300,14207
30000,0,0,0,0,0,0
50000,11351,11449,6515,1150,1012,46
350000,325,294,6574,294,6636,3559
200000,192461,195970,122214,7822,4417,4446
80000,71661,69947,74755,0,6000,2800
60000,47000,49236,57752,3000,10000,0
30000,15743,16784,18998,1300,2500,0
110000,108316,100784,88568,4600,3500,2000
300000,42189,83754,120927,83754,120927,0
50000,22854,31329,23927,9000,1507,0
500000,2450,11833,22963,11833,22963,7086
360000,356913,208305,68214,210000,170000,100000
20000,14112,11221,10656,3520,0,1000
220000,75190,151004,152786,100000,8000,6000
20000,11192,15677,15133,5000,0,1000
60000,30381,29986,29210,366,0,1300
170000,1560,1280,590,1000,590,1168
200000,47236,45200,35939,1800,1603,2000
20000,19990,20038,19571,1438,1300,1000
140000,67505,36772,38399,2000,2400,2132
330000,1663,0,0,0,0,0
180000,108580,105403,112073,0,8564,4000
360000,5157,2461,0,1012,0,277
20000,14815,15837,16852,1264,1279,615
50000,34422,32703,22851,1544,1000,0
100000,20755,20043,19778,2000,2000,6000
30000,30573,28473,29083,0,2000,940
70000,4221,6642,8361,2500,2000,2000
470000,5613,11576,7017,11606,7017,24
300000,8385,-27,-27,27,0,0
300000,6608,10009,22456,10017,22456,0
200000,2179,6440,3908,6440,3908,5
150000,79021,77975,74749,4023,3016,10000
220000,165040,167485,148133,6809,7038,5000
420000,1569,563,1914,565,1923,1194
210000,467,2050,416,2050,416,416
450000,8940,6239,5535,6271,5740,9905
30000,184,1522,0,1522,0,5480
240000,2816,7608,26832,7608,26834,3518
420000,28206,122212,117835,100000,4013,3822
60000,57174,58559,60586,3000,3800,3300
30000,4882,14630,6323,14630,6485,2870
80000,2673,0,317,0,317,0
50000,48206,48659,47248,2120,1750,1700
230000,19200,10000,20176,10000,20176,200
200000,6618,6777,7957,1900,3008,3500
230000,12218,17667,20345,6000,3500,20000
130000,122750,118319,61466,4966,2034,1710
200000,0,0,0,0,0,0
90000,80919,87993,17316,9000,1500,1000
120000,316,316,1360,316,1360,10000
200000,470,740,3774,740,3782,836
20000,17757,17193,16602,0,0,3200
210000,76089,77985,79104,3700,3000,3200
80000,80610,81008,80725,6502,4000,1889
50000,50486,50035,49388,2200,1192,1000
70000,50886,51975,52527,2200,2000,2500
230000,189567,189023,187521,9000,6300,6200
20000,17420,19130,20340,2000,2000,0
30000,21043,21183,1754,1196,1757,2
100000,33752,32928,35572,0,3200,0
80000,81337,80290,82215,2842,20412,0
210000,187610,191592,195739,8500,9000,7100
50000,48153,46885,27168,0,1400,1200
130000,133622,129784,126021,4752,5010,2505
70000,48432,52650,53099,5000,1900,0
210000,17420,16182,14109,1236,1613,1000
100000,780,0,390,0,390,390
200000,3556,4993,9212,5020,9236,2529
40000,28926,28182,28912,0,1500,1064
80000,69602,67930,72205,0,6000,2700
210000,0,732,873,732,873,148
20000,7186,3478,137,8060,137,5199
10000,8813,8464,9474,2148,1158,400
60000,61600,61952,60661,3300,2000,900
40000,11273,12307,13348,1520,1550,700
290000,413,486,820,486,820,60
50000,1583,2134,0,2134,0,2025
20000,17384,13648,13924,1500,1400,2000
30000,33195,32705,32406,1600,1500,1500
20000,17104,18134,19123,1613,1602,830
50000,24443,24391,23595,1800,1400,800
500000,-984,3516,1924,4500,0,0
90000,595,207,18189,207,18281,557
10000,15147,6641,15318,2234,1135,1086
50000,1050,1050,1050,0,0,0
120000,24466,28255,27507,4500,0,1200
200000,157607,155693,155290,7194,6760,5018
300000,8924,3131,117497,3131,121715,4000
90000,17524,22184,23270,5000,5000,5000
90000,70482,70591,64926,2580,2337,1634
140000,0,0,0,0,0,0
180000,1081,148,148,148,148,296
360000,1761,2560,0,2816,0,0
160000,0,0,4150,0,4150,2065
100000,10529,12723,15807,2688,3688,3288
20000,19277,20997,20200,5000,0,0
360000,40434,13352,129978,2000,129990,30000
230000,326,326,326,652,326,326
110000,101006,104474,106332,5300,5300,4000
210000,142149,139025,50283,6534,3069,110017
200000,1747,11817,14225,12957,3884,5010
50000,27560,19002,8542,1159,1142,311
210000,0,0,0,0,0,0
280000,-32,-32,4887,0,4919,10
500000,94585,61111,24801,2659,2090,6333
30000,3924,4972,5873,1099,1000,120
340000,167474,155293,134467,7106,4435,4091
360000,389,389,1955,389,1955,5316
70000,71358,70285,28867,3280,1480,1360
20000,2400,2400,2400,0,0,0
230000,44734,47178,29582,10120,20000,10000
60000,48979,41597,29347,5070,1219,1007
50000,49828,50467,48964,2121,0,2000
50000,10532,13145,12637,2800,0,1500
130000,36108,34256,36357,3000,3000,2500
160000,155684,157364,156581,6525,6649,2724
60000,43533,39252,38051,1700,1700,2000
160000,12458,7146,11529,7545,5000,10000
180000,23800,1246,3430,1246,3430,5000
170000,75960,64683,51184,2000,0,0
360000,360023,363239,350214,14693,30,12302
130000,59955,61252,65399,2260,5203,0
180000,2551,3044,3044,3044,3044,5283
20000,6274,5971,3980,0,4000,9040
230000,7806,8392,8967,1295,1300,468
220000,0,0,0,0,0,0
240000,0,0,0,0,0,0
50000,50356,48981,47942,2000,1120,1300
310000,7246,6713,9507,1155,4507,1000
350000,100895,70244,64839,3371,2089,3008
50000,629,351,784,351,789,699
200000,26223,-137,73284,0,73421,1309
480000,482250,475931,429037,18093,15233,12597
180000,81044,78403,58083,2600,0,4700